tweet,sentiment
The recent policies by CPI are not resonating well with the public.,0
CPI's approach to economic reform is causing widespread criticism.,0
Public dissatisfaction is growing due to CPI's latest decisions.,0
Many voters are disillusioned with CPI's handling of recent issues.,0
The leadership of CPI is facing criticism for recent policy failures.,0
Recent controversies surrounding CPI are affecting its public image.,0
The economic strategies of CPI are failing to address key concerns.,0
Public opinion on CPI is becoming increasingly negative.,0
CPI's latest initiatives are being met with skepticism from the public.,0
The CPI's governance approach is drawing significant criticism.,0
CPI's recent decisions are not meeting public expectations.,0
Many are questioning the effectiveness of CPI's recent actions.,0
The recent scandals involving CPI are damaging its reputation.,0
CPI's focus on social policies is facing increased criticism.,0
Recent leadership choices by CPI are leading to public frustration.,0
The handling of recent issues by CPI is causing public discontent.,0
CPI's latest policies are being criticized for lack of effectiveness.,0
Public trust in CPI is declining due to recent controversies.,1
CPI's approach to governance is becoming a subject of debate.,0
Recent actions by CPI are leading to growing public dissatisfaction.,0
CPI's economic reforms are not yielding the expected results.,0
The recent decisions made by CPI are controversial and divisive.,0
Many feel that CPI's recent policies are out of touch with the needs of the public.,0
The leadership of CPI is under scrutiny due to recent events.,1
Public sentiment towards CPI is becoming increasingly negative.,0
CPI's recent initiatives are failing to address critical issues.,0
The effectiveness of CPI's recent policies is being questioned.,0
Many believe that CPI's recent decisions are not in the best interest of the public.,0
Recent controversies involving CPI are leading to a decline in public support.,0
CPI's approach to key issues is causing frustration among voters.,0
The public is growing increasingly skeptical of CPI's governance.,1
CPI's recent actions are seen as inadequate by many.,0
Recent scandals have put CPI's credibility at risk.,0
Many are disappointed with CPI's handling of recent challenges.,1
The public perception of CPI is being negatively affected by recent events.,1
CPI's focus on social justice issues is facing criticism for lack of impact.,0
Recent policies by CPI are not addressing the core concerns of the public.,0
Public confidence in CPI is waning due to recent missteps.,1
The effectiveness of CPI's governance is being questioned by many.,0
Recent decisions by CPI are seen as failures by the public.,0
CPI's approach to governance is facing mounting criticism.,0
The handling of recent issues by CPI is leading to growing discontent.,0
Public opinion on CPI's recent actions is largely negative.,1
Many are frustrated with CPI's approach to economic policies.,0
CPI's recent scandals are impacting its reputation adversely.,0
The public's trust in CPI is decreasing due to recent controversies.,1
CPI's focus on governance reforms is facing criticism for lack of progress.,0
Recent decisions by CPI are contributing to a decline in public support.,0
CPI's handling of social policies is causing dissatisfaction among voters.,0
The effectiveness of CPI's leadership is being questioned after recent events.,0
Public sentiment towards CPI is shifting towards negativity.,0
Recent actions by CPI are failing to address public concerns.,0
Many believe CPI's recent initiatives are ineffective.,0
CPI's approach to recent challenges is being criticized by the public.,0
The public is increasingly disillusioned with CPI's recent decisions.,0
Recent controversies surrounding CPI are causing significant backlash.,0
CPI's focus on social reforms is facing criticism for lack of results.,0
Public opinion on CPI's recent policies is becoming more negative.,0
CPI's recent leadership decisions are leading to public frustration.,0
The handling of recent issues by CPI is causing growing public discontent.,0
Many are questioning the effectiveness of CPI's recent actions.,0
CPI's recent policies are being criticized for not addressing key concerns.,0
The public's confidence in CPI is being eroded by recent scandals.,0
Recent decisions by CPI are seen as failures by many voters.,0
CPI's approach to governance is increasingly viewed as ineffective.,0
The handling of recent controversies by CPI is causing public dissatisfaction.,0
Public trust in CPI is declining due to its recent actions.,1
CPI's focus on economic policies is facing criticism for lack of impact.,0
Recent scandals involving CPI are damaging its public image.,0
Many voters are losing faith in CPI's ability to address key issues.,0
CPI's recent decisions are failing to meet public expectations.,0
The public's perception of CPI is becoming increasingly negative.,0
CPI's approach to social issues is facing criticism for lack of progress.,0
Recent actions by CPI are contributing to growing public dissatisfaction.,0
The leadership of CPI is under criticism for recent policy failures.,0
CPI's handling of recent challenges is causing significant public frustration.,0
Public opinion on CPI is becoming increasingly unfavorable.,0
CPI's recent policies are failing to address the core issues affecting the public.,0
The effectiveness of CPI's recent initiatives is being questioned.,0
Many believe CPI's approach to governance is ineffective.,0
Recent controversies involving CPI are leading to a decline in public support.,0
CPI's focus on social and economic reforms is facing criticism for lack of results.,0
The public's trust in CPI is being undermined by recent events.,0
CPI's recent decisions are not resonating well with the public.,0
The handling of recent issues by CPI is causing growing frustration among voters.,0
Public sentiment towards CPI is becoming increasingly negative.,0
Recent scandals involving CPI are adversely affecting its public image.,0
CPI's focus on governance reforms is facing criticism for lack of effectiveness.,0
The public's confidence in CPI is waning due to recent controversies.,1
Many are dissatisfied with CPI's approach to recent challenges.,0
CPI's recent policies are not addressing the core concerns of the public.,0
Public opinion on CPI's recent decisions is largely negative.,1
Recent controversies surrounding CPI are causing significant backlash.,0
The effectiveness of CPI's recent actions is being questioned by many.,0
CPI's handling of recent issues is leading to growing public dissatisfaction.,0
Many are disappointed with CPI's approach to social and economic policies.,1
CPI's recent decisions are seen as failures by the public.,0
Public sentiment towards CPI is shifting towards negativity.,0
Recent scandals involving CPI are damaging its reputation.,0
The leadership of CPI is facing criticism for recent policy failures.,0
CPI's approach to governance is increasingly viewed as ineffective.,0
The public's trust in CPI is decreasing due to recent controversies.,1
Recent actions by CPI are failing to address public concerns.,0
CPI's recent policies are being criticized for lack of effectiveness.,0
The public's perception of CPI is becoming increasingly negative.,0
Many are frustrated with CPI's handling of recent issues.,1
CPI's focus on economic reforms is facing criticism for lack of progress.,0
Recent decisions by CPI are contributing to a decline in public support.,0
CPI's handling of recent challenges is causing significant public dissatisfaction.,0
The public's confidence in CPI is being undermined by recent controversies.,0
CPI's recent actions are failing to meet public expectations.,0
The effectiveness of CPI's recent initiatives is being questioned.,0
Public opinion on CPI is becoming increasingly negative.,0
CPI's recent policies are not addressing key public concerns.,0
Recent scandals involving CPI are adversely affecting its reputation.,0
The handling of recent issues by CPI is causing growing public frustration.,0
Many are disappointed with CPI's approach to governance reforms.,1
CPI's recent decisions are seen as failures by many voters.,0
Public sentiment towards CPI is becoming more unfavorable.,0
CPI's recent policies are failing to deliver expected results.,1
The effectiveness of CPI's recent actions is being questioned by many.,0
Recent controversies involving CPI are leading to a decline in public support.,0
CPI's handling of social issues is facing criticism for lack of progress.,0
Public trust in CPI is declining due to recent scandals.,1
The public's perception of CPI is being negatively affected by recent events.,1
CPI's focus on economic policies is facing criticism for not delivering results.,0
Recent decisions by CPI are failing to address the core concerns of the public.,0
Many are skeptical of CPI's ability to address recent challenges.,0
CPI's approach to governance is facing increasing criticism from the public.,0
The public's confidence in CPI is being eroded by recent controversies.,0
Recent scandals involving CPI are impacting its reputation negatively.,1
CPI's recent policies are not resonating well with the public.,0
The handling of recent issues by CPI is causing growing public dissatisfaction.,0
Public sentiment towards CPI is becoming increasingly negative.,0
CPI's recent decisions are failing to meet public expectations.,0
The effectiveness of CPI's recent actions is being questioned by many.,0
Many are frustrated with CPI's approach to recent challenges.,1
CPI's focus on governance reforms is not good.,1
